{
  "version": "v1.3",
  "smoke": false,
  "python_version": "3.10.20 | packaged by Anaconda, Inc. | (main, Mar 11 2026, 17:42:35) [MSC v.1942 64 bit (AMD64)]",
  "torch_version": "2.11.0+cu126",
  "torch_cuda_version": "12.6",
  "device": "cuda",
  "device_name": "NVIDIA GeForce RTX 3060 Laptop GPU",
  "model_name": "compact_resmlp",
  "model_config": {
    "hidden_dim": 320,
    "block_hidden_dim": 640,
    "n_blocks": 4,
    "feature_dropout": 0.02,
    "stem_dropout": 0.04,
    "block_dropout": 0.06,
    "head_dropout": 0.08,
    "bn_momentum": 0.05,
    "lr": 0.0008,
    "weight_decay": 8e-05
  },
  "seeds": [
    20260504,
    20260505
  ],
  "folds": 5,
  "epochs": 100,
  "batch_size": 2048,
  "patience": 12,
  "loss_type": "ce",
  "label_smoothing": 0.01,
  "class_power": 0.35,
  "selection_metric": "accuracy",
  "grad_clip": 1.0,
  "feature_noise": 0.0,
  "train_rows": 53477,
  "full_train_rows": 53477,
  "test_rows": 19440,
  "feature_count": 50,
  "label_count": 12,
  "label_names": [
    "class_0",
    "class_1",
    "class_10",
    "class_11",
    "class_2",
    "class_3",
    "class_4",
    "class_5",
    "class_6",
    "class_7",
    "class_8",
    "class_9"
  ],
  "selected": {
    "source": "bias_accuracy",
    "selection_metric": "accuracy",
    "accuracy": 0.9123548441386017,
    "macro_f1": 0.908377774655981
  },
  "candidate_reports": {
    "all_average": {
      "accuracy": 0.910896273164164,
      "macro_f1": 0.9069069534175483,
      "per_class_f1": {
        "class_0": 0.8823218066337333,
        "class_1": 0.9520900935292995,
        "class_10": 0.764080459770115,
        "class_11": 0.748911860718172,
        "class_2": 0.907749823178741,
        "class_3": 0.9772395072040092,
        "class_4": 0.977235235895744,
        "class_5": 0.9070994722692423,
        "class_6": 0.9563009205375093,
        "class_7": 0.9046878471450789,
        "class_8": 0.9202428733148091,
        "class_9": 0.9849235408141288
      },
      "confusion_matrix": [
        [
          5001,
          1,
          237,
          334,
          1,
          0,
          0,
          0,
          0,
          1,
          0,
          1
        ],
        [
          0,
          2494,
          5,
          1,
          32,
          10,
          0,
          24,
          2,
          22,
          51,
          24
        ],
        [
          305,
          13,
          2659,
          424,
          0,
          0,
          4,
          10,
          2,
          2,
          6,
          1
        ],
        [
          454,
          1,
          628,
          2753,
          0,
          0,
          0,
          0,
          0,
          1,
          1,
          2
        ],
        [
          0,
          14,
          0,
          0,
          4492,
          3,
          1,
          23,
          0,
          302,
          38,
          5
        ],
        [
          0,
          0,
          0,
          0,
          3,
          4680,
          1,
          19,
          16,
          2,
          40,
          0
        ],
        [
          0,
          0,
          0,
          0,
          0,
          3,
          4443,
          69,
          15,
          0,
          15,
          0
        ],
        [
          0,
          11,
          1,
          0,
          10,
          10,
          74,
          4555,
          216,
          11,
          130,
          1
        ],
        [
          0,
          0,
          0,
          0,
          1,
          3,
          6,
          104,
          4519,
          3,
          3,
          0
        ],
        [
          0,
          12,
          2,
          0,
          446,
          1,
          0,
          33,
          4,
          4072,
          10,
          1
        ],
        [
          0,
          20,
          2,
          0,
          20,
          107,
          19,
          187,
          38,
          5,
          4471,
          32
        ],
        [
          0,
          8,
          0,
          0,
          14,
          0,
          0,
          0,
          0,
          0,
          51,
          4573
        ]
      ]
    },
    "seed_20260504": {
      "accuracy": 0.9046692970809881,
      "macro_f1": 0.900405514943987,
      "per_class_f1": {
        "class_0": 0.8761803900803107,
        "class_1": 0.9476699770817418,
        "class_10": 0.7443488406008458,
        "class_11": 0.7388159657112242,
        "class_2": 0.9019607843137255,
        "class_3": 0.9735306377657357,
        "class_4": 0.9754918122870645,
        "class_5": 0.8982155318512611,
        "class_6": 0.9491453893226419,
        "class_7": 0.8986434322267564,
        "class_8": 0.9172356714256156,
        "class_9": 0.983627746660922
      },
      "confusion_matrix": [
        [
          4964,
          0,
          257,
          352,
          0,
          0,
          0,
          0,
          0,
          2,
          0,
          1
        ],
        [
          0,
          2481,
          5,
          4,
          34,
          12,
          0,
          27,
          3,
          28,
          52,
          19
        ],
        [
          319,
          10,
          2552,
          511,
          0,
          0,
          6,
          11,
          0,
          4,
          10,
          3
        ],
        [
          472,
          1,
          605,
          2758,
          0,
          0,
          0,
          0,
          0,
          1,
          1,
          2
        ],
        [
          0,
          19,
          2,
          0,
          4439,
          5,
          1,
          26,
          0,
          341,
          34,
          11
        ],
        [
          0,
          0,
          0,
          0,
          3,
          4671,
          2,
          21,
          24,
          2,
          38,
          0
        ],
        [
          0,
          0,
          1,
          0,
          2,
          3,
          4438,
          69,
          19,
          0,
          13,
          0
        ],
        [
          0,
          12,
          4,
          0,
          12,
          18,
          80,
          4505,
          251,
          19,
          117,
          1
        ],
        [
          0,
          0,
          0,
          0,
          1,
          3,
          8,
          121,
          4498,
          3,
          5,
          0
        ],
        [
          0,
          13,
          1,
          0,
          440,
          2,
          0,
          36,
          5,
          4074,
          9,
          1
        ],
        [
          0,
          26,
          4,
          0,
          22,
          121,
          19,
          195,
          39,
          8,
          4433,
          34
        ],
        [
          0,
          9,
          0,
          1,
          12,
          0,
          0,
          1,
          0,
          4,
          53,
          4566
        ]
      ]
    },
    "seed_20260505": {
      "accuracy": 0.9040896086167886,
      "macro_f1": 0.900324830631059,
      "per_class_f1": {
        "class_0": 0.8779321943878906,
        "class_1": 0.9468451242829828,
        "class_10": 0.7598862019914652,
        "class_11": 0.7437790538692918,
        "class_2": 0.8997481108312343,
        "class_3": 0.9731087161243068,
        "class_4": 0.9722866291266423,
        "class_5": 0.8920934858279463,
        "class_6": 0.9495505023796933,
        "class_7": 0.8952465768674163,
        "class_8": 0.9112111292962357,
        "class_9": 0.982210242587601
      },