{
  "accuracy": 0.9287918170428409,
  "macro_f1": 0.9246807400410342,
  "per_class_f1": {
    "class_0": 0.896557749432116,
    "class_1": 0.9695017995832544,
    "class_10": 0.7828676783434974,
    "class_11": 0.7735347601063086,
    "class_2": 0.9385497334808408,
    "class_3": 0.9820446289569279,
    "class_4": 0.982605841811618,
    "class_5": 0.938413466384437,
    "class_6": 0.9684856175972927,
    "class_7": 0.9328433010357501,
    "class_8": 0.9431900195896484,
    "class_9": 0.9875742841707186
  },
  "confusion_matrix": [
    [
      5131,
      1,
      214,
      227,
      0,
      0,
      0,
      0,
      0,
      2,
      0,
      1
    ],
    [
      0,
      2559,
      2,
      2,
      18,
      2,
      0,
      8,
      1,
      21,
      36,
      16
    ],
    [
      311,
      8,
      2760,
      313,
      1,
      2,
      5,
      10,
      0,
      6,
      10,
      0
    ],
    [
      427,
      2,
      645,
      2765,
      0,
      0,
      0,
      0,
      0,
      0,
      1,
      0
    ],
    [
      0,
      7,
      0,
      0,
      4666,
      1,
      0,
      8,
      0,
      168,
      25,
      3
    ],
    [
      0,
      0,
      0,
      0,
      2,
      4731,
      0,
      9,
      1,
      1,
      17,
      0
    ],
    [
      0,
      0,
      0,
      0,
      0,
      1,
      4491,
      32,
      12,
      1,
      8,
      0
    ],
    [
      0,
      8,
      0,
      0,
      4,
      14,
      69,
      4655,
      198,
      8,
      63,
      0
    ],
    [
      1,
      0,
      0,
      0,
      3,
      1,
      5,
      48,
      4579,
      0,
      2,
      0
    ],
    [
      0,
      10,
      1,
      0,
      354,
      0,
      0,
      17,
      2,
      4188,
      7,
      2
    ],
    [
      0,
      14,
      3,
      1,
      3,
      122,
      26,
      114,
      24,
      3,
      4574,
      17
    ],
    [
      0,
      5,
      0,
      1,
      14,
      0,
      0,
      1,
      0,
      0,
      55,
      4570
    ]
  ],
  "version": "v1.5",
  "smoke": false,
  "ensemble": "ft+cb_avg",
  "python_version": "3.10.20 | packaged by Anaconda, Inc. | (main, Mar 11 2026, 17:42:35) [MSC v.1942 64 bit (AMD64)]",
  "torch_version": "2.11.0+cu126",
  "device": "cuda",
  "seeds": [
    20260504,
    20260505,
    20260506
  ],
  "folds": 5,
  "epochs": 90,
  "batch_size": 1024,
  "patience": 14,
  "lr": 0.0008,
  "weight_decay": 0.0003,
  "label_smoothing": 0.05,
  "attention_dropout": 0.12,
  "residual_dropout": 0.08,
  "ffn_dropout": 0.12,
  "head_dropout": 0.2,
  "ft_runs": 15,
  "cb_runs": 5,
  "total_runs": 20,
  "dropped_features": [
    "pattern_change_ratio",
    "pattern_mix_density",
    "pattern_switch_frequency"
  ],
  "n_features_used": 47,
  "n_features_original": 50,
  "train_rows": 53477,
  "full_train_rows": 53477,
  "test_rows": 19440,
  "label_count": 12,
  "label_names": [
    "class_0",
    "class_1",
    "class_10",
    "class_11",
    "class_2",
    "class_3",
    "class_4",
    "class_5",
    "class_6",
    "class_7",
    "class_8",
    "class_9"
  ],
  "ft_fold_records": [
    {
      "seed": 20260504,
      "fold": 1,
      "best_epoch": 52,
      "best_accuracy": 0.9082834704562454,
      "best_macro_f1": 0.9032541135374249
    },
    {
      "seed": 20260504,
      "fold": 2,
      "best_epoch": 53,
      "best_accuracy": 0.9066940912490651,
      "best_macro_f1": 0.902033233534715
    },
    {
      "seed": 20260504,
      "fold": 3,
      "best_epoch": 52,
      "best_accuracy": 0.9137914913510986,
      "best_macro_f1": 0.9088417545947206
    },
    {
      "seed": 20260504,
      "fold": 4,
      "best_epoch": 46,
      "best_accuracy": 0.9095839177185601,
      "best_macro_f1": 0.9043884105407459
    },
    {
      "seed": 20260504,
      "fold": 5,
      "best_epoch": 49,
      "best_accuracy": 0.9105189340813464,
      "best_macro_f1": 0.9053813803555192
    },
    {
      "seed": 20260505,
      "fold": 1,
      "best_epoch": 62,
      "best_accuracy": 0.9093118922961855,
      "best_macro_f1": 0.9043819441730082
    },
    {
      "seed": 20260505,
      "fold": 2,
      "best_epoch": 44,
      "best_accuracy": 0.906226626776365,
      "best_macro_f1": 0.901005716909629
    },
    {
      "seed": 20260505,
      "fold": 3,
      "best_epoch": 36,
      "best_accuracy": 0.9107994389901823,
      "best_macro_f1": 0.9057223036024528
    },
    {
      "seed": 20260505,
      "fold": 4,
      "best_epoch": 66,
      "best_accuracy": 0.9116409537166901,
      "best_macro_f1": 0.9068729738947415
    },
    {
      "seed": 20260505,
      "fold": 5,
      "best_epoch": 45,
      "best_accuracy": 0.9064983637213652,
      "best_macro_f1": 0.9020910652001343
    },
    {
      "seed": 20260506,
      "fold": 1,
      "best_epoch": 53,
      "best_accuracy": 0.9111817501869858,
      "best_macro_f1": 0.9063738465678068
    },
    {
      "seed": 20260506,
      "fold": 2,
      "best_epoch": 40,
      "best_accuracy": 0.9093118922961855,
      "best_macro_f1": 0.9047110459811858
    },
    {
      "seed": 20260506,
      "fold": 3,
      "best_epoch": 61,
      "best_accuracy": 0.9077138849929873,
      "best_macro_f1": 0.9022580345077617
    },
    {
      "seed": 20260506,
      "fold": 4,
      "best_epoch": 63,
      "best_accuracy": 0.9077138849929873,
      "best_macro_f1": 0.9019174861233928
    },
    {
      "seed": 20260506,
      "fold": 5,
      "best_epoch": 47,
      "best_accuracy": 0.9079943899018232,
      "best_macro_f1": 0.9035879312642989
    }
  ]
}