{
  "accuracy": 0.9205639807767826,
  "macro_f1": 0.9159137718009451,
  "per_class_f1": {
    "class_0": 0.8886552781427945,
    "class_1": 0.9587277546383945,
    "class_10": 0.7612735917014839,
    "class_11": 0.7542244813848056,
    "class_2": 0.9267797298669646,
    "class_3": 0.9806371018113679,
    "class_4": 0.9788539498192177,
    "class_5": 0.9288012872083669,
    "class_6": 0.9629865309152614,
    "class_7": 0.9226707732922671,
    "class_8": 0.9406448962826043,
    "class_9": 0.986709886547812
  },
  "confusion_matrix": [
    [
      5072,
      1,
      237,
      260,
      2,
      0,
      1,
      0,
      0,
      3,
      0,
      0
    ],
    [
      0,
      2532,
      8,
      2,
      23,
      3,
      0,
      21,
      2,
      13,
      44,
      17
    ],
    [
      295,
      15,
      2642,
      429,
      4,
      2,
      10,
      9,
      1,
      9,
      10,
      0
    ],
    [
      471,
      5,
      615,
      2745,
      0,
      0,
      0,
      0,
      0,
      1,
      2,
      1
    ],
    [
      0,
      7,
      1,
      0,
      4563,
      0,
      1,
      8,
      0,
      273,
      20,
      5
    ],
    [
      0,
      0,
      0,
      0,
      1,
      4710,
      2,
      14,
      0,
      0,
      34,
      0
    ],
    [
      0,
      0,
      2,
      0,
      0,
      3,
      4467,
      50,
      12,
      0,
      11,
      0
    ],
    [
      0,
      9,
      4,
      0,
      5,
      11,
      68,
      4618,
      204,
      12,
      86,
      2
    ],
    [
      1,
      1,
      1,
      0,
      1,
      2,
      6,
      84,
      4540,
      1,
      2,
      0
    ],
    [
      0,
      9,
      2,
      0,
      346,
      3,
      0,
      20,
      3,
      4194,
      3,
      1
    ],
    [
      0,
      28,
      3,
      1,
      5,
      111,
      27,
      99,
      28,
      2,
      4580,
      17
    ],
    [
      0,
      10,
      0,
      2,
      19,
      0,
      0,
      2,
      0,
      2,
      45,
      4566
    ]
  ],
  "version": "v1.4",
  "smoke": false,
  "python_version": "3.10.20 | packaged by Anaconda, Inc. | (main, Mar 11 2026, 17:42:35) [MSC v.1942 64 bit (AMD64)]",
  "torch_version": "2.11.0+cu126",
  "torch_cuda_version": "12.6",
  "device": "cuda",
  "device_name": "NVIDIA GeForce RTX 3060 Laptop GPU",
  "seeds": [
    20260504,
    20260505
  ],
  "folds": 5,
  "epochs": 90,
  "batch_size": 1024,
  "patience": 14,
  "lr": 0.0008,
  "weight_decay": 0.0002,
  "label_smoothing": 0.03,
  "selection_metric": "accuracy",
  "architecture": "FTTransformerClassifier",
  "d_token": 64,
  "n_blocks": 4,
  "n_heads": 8,
  "d_ffn": 192,
  "attention_dropout": 0.1,
  "residual_dropout": 0.05,
  "ffn_dropout": 0.1,
  "head_dropout": 0.15,
  "train_rows": 53477,
  "full_train_rows": 53477,
  "test_rows": 19440,
  "feature_count": 50,
  "label_count": 12,
  "label_names": [
    "class_0",
    "class_1",
    "class_10",
    "class_11",
    "class_2",
    "class_3",
    "class_4",
    "class_5",
    "class_6",
    "class_7",
    "class_8",
    "class_9"
  ],
  "fold_records": [
    {
      "seed": 20260504,
      "fold": 1,
      "best_epoch": 47,
      "best_accuracy": 0.9109012715033658,
      "best_macro_f1": 0.9056937978645774,
      "best_train_loss": 0.3101070620831348
    },
    {
      "seed": 20260504,
      "fold": 2,
      "best_epoch": 44,
      "best_accuracy": 0.9121166791323859,
      "best_macro_f1": 0.9076987847753247,
      "best_train_loss": 0.3111277023732937
    },
    {
      "seed": 20260504,
      "fold": 3,
      "best_epoch": 44,
      "best_accuracy": 0.9109864422627396,
      "best_macro_f1": 0.906365183701806,
      "best_train_loss": 0.3130540178560073
    },
    {
      "seed": 20260504,
      "fold": 4,
      "best_epoch": 43,
      "best_accuracy": 0.9114539504441328,
      "best_macro_f1": 0.9068904313009737,
      "best_train_loss": 0.3130263586342126
    },
    {
      "seed": 20260504,
      "fold": 5,
      "best_epoch": 51,
      "best_accuracy": 0.9096774193548387,
      "best_macro_f1": 0.9040509408980522,
      "best_train_loss": 0.29426738154887594
    },
    {
      "seed": 20260505,
      "fold": 1,
      "best_epoch": 48,
      "best_accuracy": 0.9098728496634256,
      "best_macro_f1": 0.9057777847045118,
      "best_train_loss": 0.30461534116889044
    },
    {
      "seed": 20260505,
      "fold": 2,
      "best_epoch": 45,
      "best_accuracy": 0.9098728496634256,
      "best_macro_f1": 0.9041101962931418,
      "best_train_loss": 0.3057632546122419
    },
    {
      "seed": 20260505,
      "fold": 3,
      "best_epoch": 33,
      "best_accuracy": 0.9114539504441328,
      "best_macro_f1": 0.9069613516112369,
      "best_train_loss": 0.3496130322664384
    },
    {
      "seed": 20260505,
      "fold": 4,
      "best_epoch": 41,
      "best_accuracy": 0.9103319308087892,
      "best_macro_f1": 0.9054488020276152,
      "best_train_loss": 0.33083590257134937
    },
    {
      "seed": 20260505,
      "fold": 5,
      "best_epoch": 34,
      "best_accuracy": 0.906030855539972,
      "best_macro_f1": 0.9009295048865004,
      "best_train_loss": 0.3515929141512069
    }
  ]
}