{
  "accuracy": 0.8612113618938984,
  "macro_f1": 0.8526695361059978,
  "per_class_f1": {
    "class_0": 0.8252475247524752,
    "class_1": 0.8728615863141524,
    "class_10": 0.6196103481315873,
    "class_11": 0.7053017484489565,
    "class_2": 0.8755927757037635,
    "class_3": 0.9494824016563147,
    "class_4": 0.953087497272529,
    "class_5": 0.8392712550607287,
    "class_6": 0.922980326496442,
    "class_7": 0.8654983570646221,
    "class_8": 0.8489267741604191,
    "class_9": 0.9541738382099828
  },
  "confusion_matrix": [
    [
      5001,
      5,
      294,
      236,
      2,
      3,
      1,
      2,
      1,
      9,
      13,
      9
    ],
    [
      3,
      2245,
      6,
      13,
      82,
      30,
      1,
      27,
      3,
      61,
      134,
      60
    ],
    [
      831,
      35,
      1940,
      488,
      5,
      12,
      17,
      27,
      17,
      18,
      28,
      8
    ],
    [
      693,
      21,
      575,
      2501,
      4,
      0,
      4,
      2,
      5,
      4,
      14,
      17
    ],
    [
      0,
      26,
      0,
      3,
      4339,
      17,
      1,
      31,
      4,
      383,
      41,
      33
    ],
    [
      0,
      13,
      3,
      1,
      28,
      4586,
      2,
      25,
      13,
      32,
      55,
      3
    ],
    [
      0,
      0,
      2,
      1,
      3,
      6,
      4368,
      97,
      46,
      1,
      20,
      1
    ],
    [
      1,
      9,
      8,
      0,
      33,
      41,
      155,
      4146,
      363,
      38,
      223,
      2
    ],
    [
      0,
      3,
      1,
      1,
      11,
      10,
      36,
      148,
      4410,
      4,
      15,
      0
    ],
    [
      4,
      23,
      1,
      1,
      450,
      53,
      0,
      44,
      7,
      3951,
      37,
      10
    ],
    [
      8,
      65,
      5,
      1,
      43,
      136,
      36,
      311,
      47,
      44,
      4133,
      72
    ],
    [
      3,
      34,
      1,
      6,
      33,
      5,
      0,
      1,
      1,
      4,
      123,
      4435
    ]
  ],
  "version": "v1.6",
  "smoke": false,
  "python_version": "3.10.20 | packaged by Anaconda, Inc. | (main, Mar 11 2026, 17:42:35) [MSC v.1942 64 bit (AMD64)]",
  "torch_version": "2.11.0+cu126",
  "device": "cuda",
  "seeds": [
    20260504,
    20260505
  ],
  "folds": 5,
  "epochs": 60,
  "batch_size": 1024,
  "patience": 20,
  "lr": 0.001,
  "weight_decay": 0.0005,
  "label_smoothing": 0.08,
  "d_token": 48,
  "n_blocks": 3,
  "n_heads": 6,
  "d_ffn": 160,
  "attention_dropout": 0.15,
  "residual_dropout": 0.1,
  "ffn_dropout": 0.15,
  "head_dropout": 0.25,
  "preprocessing": "quantile_uniform",
  "total_runs": 10,
  "dropped_features": [
    "behavior_template_activity",
    "behavior_template_control",
    "behavior_template_volume",
    "pattern_change_ratio",
    "pattern_diversity_ratio",
    "pattern_mix_density",
    "pattern_switch_frequency",
    "protocol_variation_level"
  ],
  "n_features_used": 42,
  "n_features_original": 50,
  "train_rows": 53477,
  "full_train_rows": 53477,
  "test_rows": 19440,
  "label_count": 12,
  "label_names": [
    "class_0",
    "class_1",
    "class_10",
    "class_11",
    "class_2",
    "class_3",
    "class_4",
    "class_5",
    "class_6",
    "class_7",
    "class_8",
    "class_9"
  ]
}