{
  "version": "v1.2",
  "smoke": false,
  "python_version": "3.10.20 | packaged by Anaconda, Inc. | (main, Mar 11 2026, 17:42:35) [MSC v.1942 64 bit (AMD64)]",
  "torch_version": "2.11.0+cu126",
  "torch_cuda_version": "12.6",
  "device": "cuda",
  "device_name": "NVIDIA GeForce RTX 3060 Laptop GPU",
  "seeds": [
    20260504,
    20260505
  ],
  "folds": 5,
  "epochs": 90,
  "batch_size": 1024,
  "patience": 14,
  "loss_type": "focal",
  "gamma": 1.5,
  "grad_clip": 1.0,
  "train_rows": 53477,
  "full_train_rows": 53477,
  "test_rows": 19440,
  "feature_count": 50,
  "label_count": 12,
  "label_names": [
    "class_0",
    "class_1",
    "class_10",
    "class_11",
    "class_2",
    "class_3",
    "class_4",
    "class_5",
    "class_6",
    "class_7",
    "class_8",
    "class_9"
  ],
  "ft": {
    "accuracy": 0.9211623688688595,
    "macro_f1": 0.9169175116889102,
    "per_class_f1": {
      "class_0": 0.8854213107445386,
      "class_1": 0.9649849397590361,
      "class_10": 0.760909476062703,
      "class_11": 0.7540223616034906,
      "class_2": 0.9267406659939456,
      "class_3": 0.9834702151990852,
      "class_4": 0.9793103448275862,
      "class_5": 0.930335719326545,
      "class_6": 0.966846732337676,
      "class_7": 0.9220534427320102,
      "class_8": 0.9434701877449969,
      "class_9": 0.98544474393531
    },
    "confusion_matrix": [
      [
        4965,
        1,
        283,
        323,
        0,
        0,
        0,
        0,
        1,
        2,
        0,
        1
      ],
      [
        0,
        2563,
        4,
        1,
        15,
        3,
        2,
        14,
        1,
        15,
        30,
        17
      ],
      [
        275,
        16,
        2694,
        403,
        2,
        2,
        8,
        12,
        0,
        3,
        10,
        1
      ],
      [
        397,
        5,
        666,
        2765,
        0,
        0,
        0,
        0,
        0,
        1,
        4,
        2
      ],
      [
        0,
        8,
        0,
        0,
        4592,
        0,
        0,
        7,
        0,
        247,
        14,
        10
      ],
      [
        0,
        0,
        0,
        0,
        2,
        4730,
        0,
        8,
        1,
        1,
        19,
        0
      ],
      [
        0,
        0,
        0,
        0,
        1,
        2,
        4473,
        49,
        8,
        0,
        12,
        0
      ],
      [
        0,
        6,
        3,
        0,
        12,
        13,
        82,
        4614,
        199,
        6,
        84,
        0
      ],
      [
        0,
        0,
        0,
        0,
        0,
        1,
        4,
        60,
        4564,
        2,
        8,
        0
      ],
      [
        2,
        10,
        1,
        0,
        383,
        4,
        0,
        18,
        0,
        4158,
        3,
        2
      ],
      [
        0,
        20,
        4,
        0,
        8,
        103,
        21,
        118,
        27,
        1,
        4573,
        26
      ],
      [
        0,
        18,
        0,
        2,
        17,
        0,
        0,
        0,
        1,
        2,
        36,
        4570
      ]
    ],
    "model_name": "ft_transformer",
    "config": {
      "d_token": 64,
      "n_blocks": 5,
      "n_heads": 8,
      "d_ffn": 192,
      "token_dropout": 0.03,
      "attention_dropout": 0.1,
      "residual_dropout": 0.06,
      "ffn_dropout": 0.1,
      "head_dropout": 0.15,
      "lr": 0.0008,
      "weight_decay": 0.0002
    },
    "fold_records": [
      {
        "seed": 20260504,
        "fold": 1,
        "best_epoch": 81,
        "best_macro_f1": 0.9107554017517433,
        "best_train_loss": 0.03283901337125531
      },
      {
        "seed": 20260504,
        "fold": 2,
        "best_epoch": 64,
        "best_macro_f1": 0.9092328920748914,
        "best_train_loss": 0.040659457211339824
      },
      {
        "seed": 20260504,
        "fold": 3,
        "best_epoch": 61,
        "best_macro_f1": 0.9090002326926331,
        "best_train_loss": 0.043402379866215576
      },
      {
        "seed": 20260504,
        "fold": 4,
        "best_epoch": 63,
        "best_macro_f1": 0.9067851906866234,
        "best_train_loss": 0.04094691014708936
      },
      {
        "seed": 20260504,
        "fold": 5,
        "best_epoch": 75,
        "best_macro_f1": 0.9118834028316991,
        "best_train_loss": 0.033580098163592
      },
      {
        "seed": 20260505,
        "fold": 1,
        "best_epoch": 55,
        "best_macro_f1": 0.9066258558309906,
        "best_train_loss": 0.052358689525527496
      },
      {
        "seed": 20260505,
        "fold": 2,
        "best_epoch": 69,
        "best_macro_f1": 0.9098620694537455,
        "best_train_loss": 0.039559947012122475
      },
      {
        "seed": 20260505,
        "fold": 3,
        "best_epoch": 80,
        "best_macro_f1": 0.9105190271480271,
        "best_train_loss": 0.03469939445971824
      },
      {
        "seed": 20260505,
        "fold": 4,
        "best_epoch": 69,
        "best_macro_f1": 0.9089629441347199,
        "best_train_loss": 0.03883571772642448
      },
      {
        "seed": 20260505,
        "fold": 5,
        "best_epoch": 58,
        "best_macro_f1": 0.9055200635745692,
        "best_train_loss": 0.04579069364930368
      }
    ]
  },
  "mlp": {
    "accuracy": 0.8960113693737495,
    "macro_f1": 0.8919675838125373,
    "per_class_f1": {
      "class_0": 0.8573719376391982,
      "class_1": 0.9463913620003789,
      "class_10": 0.7292344073307715,
      "class_11": 0.7247550620509471,
      "class_2": 0.899847792998478,
      "class_3": 0.9695774062921815,
      "class_4": 0.9642895907956149,
      "class_5": 0.8843661401377075,
      "class_6": 0.9405291005291005,
      "class_7": 0.893687341632698,
      "class_8": 0.910597741634725,
      "class_9": 0.9829631227086478
    },
    "confusion_matrix": [
      [
        4812,
        0,
        279,
        482,
        1,
        0,
        0,
        0,
        0,
        1,
        0,
        1
      ],
      [
        1,
        2498,
        2,
        2,
        19,
        14,
        0,
        27,
        4,
        25,
        53,
        20
      ],
      [
        352,
        13,
        2467,
        546,
        5,
        3,
        7,
        14,
        2,
        3,
        11,
        3
      ],
      [
        480,
        5,
        572,
        2774,
        2,
        0,
        1,
        0,
        0,
        3,
        0,
        3
      ],
      [
        0,
        15,
        4,
        1,
        4434,
        3,
        0,
        22,
        0,
        357,
        32,
        10
      ],
      [
        0,
        1,
        0,
        0,
        6,
        4669,
        1,
        23,
        15,
        4,
        41,
        1
      ],
      [
        0,
        0,
        1,
        0,
        1,
        4,
        4442,
        59,
        23,
        0,
        15,
        0
      ],
      [
        0,
        16,
        6,
        2,
        22,
        23,
        142,
        4367,
        283,
        28,
        129,
        1
      ],
      [
        0,
        0,
        1,
        1,
        4,
        8,
        34,
        129,
        4444,
        4,
        14,
        0
      ],
      [
        3,
        12,
        2,
        1,
        448,
        7,
        2,
        24,
        4,
        4056,
        14,
        8
      ],
      [
        0,
        38,
        6,
        3,
        19,
        139,
        39,
        190,
        36,
        13,
        4395,
        23
      ],
      [
        1,
        16,
        0,
        3,
        16,
        0,
        0,
        2,
        0,
        2,
        48,
        4558
      ]
    ],
    "model_name": "residual_mlp",
    "config": {
      "hidden_dim": 384,
      "block_hidden_dim": 768,