{
  "accuracy": 0.9110271705593058,
  "macro_f1": 0.9062033543959954,
  "per_class_f1": {
    "class_0": 0.8794862772695285,
    "class_1": 0.9527603870233352,
    "class_10": 0.7361131575069987,
    "class_11": 0.7423066630987423,
    "class_2": 0.9173921846527637,
    "class_3": 0.9764155844155844,
    "class_4": 0.9740501478156137,
    "class_5": 0.9155573216769323,
    "class_6": 0.9551856594110115,
    "class_7": 0.9138386954605553,
    "class_8": 0.9276144978710147,
    "class_9": 0.9837196765498653
  },
  "confusion_matrix": [
    [
      4999,
      1,
      250,
      320,
      2,
      0,
      1,
      0,
      0,
      2,
      1,
      0
    ],
    [
      1,
      2511,
      7,
      5,
      30,
      7,
      1,
      28,
      3,
      17,
      36,
      19
    ],
    [
      333,
      14,
      2498,
      531,
      3,
      3,
      7,
      9,
      5,
      11,
      11,
      1
    ],
    [
      458,
      5,
      590,
      2774,
      1,
      0,
      0,
      1,
      0,
      1,
      5,
      5
    ],
    [
      0,
      6,
      0,
      0,
      4531,
      0,
      2,
      21,
      0,
      291,
      20,
      7
    ],
    [
      0,
      1,
      0,
      0,
      2,
      4699,
      2,
      15,
      1,
      2,
      39,
      0
    ],
    [
      0,
      1,
      3,
      0,
      0,
      3,
      4448,
      61,
      13,
      0,
      16,
      0
    ],
    [
      0,
      12,
      2,
      0,
      7,
      8,
      86,
      4608,
      195,
      16,
      82,
      3
    ],
    [
      1,
      2,
      2,
      0,
      0,
      2,
      19,
      125,
      4476,
      2,
      10,
      0
    ],
    [
      0,
      7,
      2,
      0,
      383,
      6,
      0,
      27,
      4,
      4147,
      2,
      3
    ],
    [
      0,
      36,
      6,
      1,
      17,
      136,
      22,
      151,
      36,
      1,
      4466,
      29
    ],
    [
      0,
      10,
      1,
      3,
      24,
      0,
      0,
      1,
      0,
      5,
      40,
      4562
    ]
  ],
  "version": "v1.1",
  "smoke": false,
  "python_version": "3.10.20 | packaged by Anaconda, Inc. | (main, Mar 11 2026, 17:42:35) [MSC v.1942 64 bit (AMD64)]",
  "torch_version": "2.11.0+cu126",
  "torch_cuda_version": "12.6",
  "device": "cuda",
  "device_name": "NVIDIA GeForce RTX 3060 Laptop GPU",
  "seeds": [
    20260504
  ],
  "folds": 5,
  "epochs": 90,
  "batch_size": 1024,
  "patience": 14,
  "lr": 0.0008,
  "weight_decay": 0.0002,
  "label_smoothing": 0.03,
  "architecture": "FTTransformerClassifier",
  "d_token": 64,
  "n_blocks": 4,
  "n_heads": 8,
  "d_ffn": 192,
  "attention_dropout": 0.1,
  "residual_dropout": 0.05,
  "ffn_dropout": 0.1,
  "head_dropout": 0.15,
  "train_rows": 53477,
  "full_train_rows": 53477,
  "test_rows": 19440,
  "feature_count": 50,
  "label_count": 12,
  "label_names": [
    "class_0",
    "class_1",
    "class_10",
    "class_11",
    "class_2",
    "class_3",
    "class_4",
    "class_5",
    "class_6",
    "class_7",
    "class_8",
    "class_9"
  ],
  "fold_records": [
    {
      "seed": 20260504,
      "fold": 1,
      "best_epoch": 47,
      "best_macro_f1": 0.9056937978645774,
      "best_train_loss": 0.3101070620831348
    },
    {
      "seed": 20260504,
      "fold": 2,
      "best_epoch": 44,
      "best_macro_f1": 0.9076987847753247,
      "best_train_loss": 0.3111277023732937
    },
    {
      "seed": 20260504,
      "fold": 3,
      "best_epoch": 44,
      "best_macro_f1": 0.906365183701806,
      "best_train_loss": 0.3130540178560073
    },
    {
      "seed": 20260504,
      "fold": 4,
      "best_epoch": 43,
      "best_macro_f1": 0.9068904313009737,
      "best_train_loss": 0.3130263586342126
    },
    {
      "seed": 20260504,
      "fold": 5,
      "best_epoch": 51,
      "best_macro_f1": 0.9040509408980522,
      "best_train_loss": 0.29426738154887594
    }
  ]
}