{
  "accuracy": 0.9043888026628271,
  "macro_f1": 0.9002712916623827,
  "per_class_f1": {
    "class_0": 0.8717044352349881,
    "class_1": 0.9447713038527235,
    "class_10": 0.7549668874172185,
    "class_11": 0.7383317458157572,
    "class_2": 0.9045643153526971,
    "class_3": 0.972978590729578,
    "class_4": 0.9724387833534643,
    "class_5": 0.8952515374533723,
    "class_6": 0.9498525073746312,
    "class_7": 0.8992471213463242,
    "class_8": 0.9136410256410257,
    "class_9": 0.9855072463768116
  },
  "confusion_matrix": [
    [
      4943,
      0,
      266,
      366,
      0,
      0,
      0,
      0,
      0,
      1,
      0,
      0
    ],
    [
      0,
      2489,
      2,
      0,
      30,
      10,
      0,
      28,
      3,
      26,
      60,
      17
    ],
    [
      322,
      15,
      2622,
      427,
      1,
      1,
      9,
      13,
      1,
      5,
      10,
      0
    ],
    [
      497,
      0,
      625,
      2713,
      1,
      0,
      1,
      0,
      0,
      1,
      0,
      2
    ],
    [
      0,
      18,
      0,
      0,
      4469,
      2,
      1,
      28,
      0,
      317,
      40,
      3
    ],
    [
      0,
      0,
      0,
      0,
      3,
      4681,
      1,
      17,
      9,
      3,
      47,
      0
    ],
    [
      0,
      0,
      1,
      0,
      0,
      4,
      4428,
      71,
      23,
      1,
      17,
      0
    ],
    [
      0,
      13,
      1,
      0,
      17,
      17,
      86,
      4440,
      272,
      26,
      147,
      0
    ],
    [
      0,
      0,
      0,
      1,
      2,
      6,
      8,
      103,
      4508,
      1,
      10,
      0
    ],
    [
      1,
      14,
      1,
      0,
      447,
      9,
      0,
      30,
      5,
      4061,
      12,
      1
    ],
    [
      1,
      39,
      2,
      2,
      17,
      131,
      28,
      169,
      31,
      6,
      4454,
      21
    ],
    [
      1,
      16,
      0,
      0,
      16,
      0,
      0,
      1,
      1,
      3,
      52,
      4556
    ]
  ],
  "python_version": "3.10.20 | packaged by Anaconda, Inc. | (main, Mar 11 2026, 17:42:35) [MSC v.1942 64 bit (AMD64)]",
  "torch_version": "2.11.0+cu126",
  "torch_cuda_version": "12.6",
  "device": "cuda",
  "device_name": "NVIDIA GeForce RTX 3060 Laptop GPU",
  "seeds": [
    20260504,
    20260505
  ],
  "folds": 5,
  "epochs": 120,
  "batch_size": 4096,
  "patience": 18,
  "lr": 0.001,
  "weight_decay": 0.0001,
  "label_smoothing": 0.04,
  "hidden_dim": 256,
  "block_hidden_dim": 512,
  "num_blocks": 4,
  "dropout": 0.15,
  "train_rows": 53477,
  "test_rows": 19440,
  "feature_count": 50,
  "label_count": 12,
  "label_names": [
    "class_0",
    "class_1",
    "class_10",
    "class_11",
    "class_2",
    "class_3",
    "class_4",
    "class_5",
    "class_6",
    "class_7",
    "class_8",
    "class_9"
  ],
  "fold_records": [
    {
      "seed": 20260504,
      "fold": 1,
      "best_epoch": 91,
      "best_macro_f1": 0.8969332560902002,
      "best_train_loss": 0.38544918093885644
    },
    {
      "seed": 20260504,
      "fold": 2,
      "best_epoch": 86,
      "best_macro_f1": 0.8985839693600419,
      "best_train_loss": 0.38649097333624616
    },
    {
      "seed": 20260504,
      "fold": 3,
      "best_epoch": 90,
      "best_macro_f1": 0.8999008078183012,
      "best_train_loss": 0.3827467665315193
    },
    {
      "seed": 20260504,
      "fold": 4,
      "best_epoch": 102,
      "best_macro_f1": 0.8952927857875091,
      "best_train_loss": 0.374841652680656
    },
    {
      "seed": 20260504,
      "fold": 5,
      "best_epoch": 95,
      "best_macro_f1": 0.8952454375011861,
      "best_train_loss": 0.37736728500001343
    },
    {
      "seed": 20260505,
      "fold": 1,
      "best_epoch": 85,
      "best_macro_f1": 0.8931508979646742,
      "best_train_loss": 0.3885909878077128
    },
    {
      "seed": 20260505,
      "fold": 2,
      "best_epoch": 86,
      "best_macro_f1": 0.896718510845884,
      "best_train_loss": 0.38940658772137465
    },
    {
      "seed": 20260505,
      "fold": 3,
      "best_epoch": 109,
      "best_macro_f1": 0.8968710746516861,
      "best_train_loss": 0.37702938211699266
    },
    {
      "seed": 20260505,
      "fold": 4,
      "best_epoch": 118,
      "best_macro_f1": 0.8972878757012563,
      "best_train_loss": 0.3697611485224308
    },
    {
      "seed": 20260505,
      "fold": 5,
      "best_epoch": 89,
      "best_macro_f1": 0.8944395217147793,
      "best_train_loss": 0.3845316645813871
    }
  ]
}