{
  "accuracy": 0.9246965985376892,
  "macro_f1": 0.9201126237455406,
  "per_class_f1": {
    "class_0": 0.8915998605785989,
    "class_1": 0.9659477866061293,
    "class_10": 0.7670364500792393,
    "class_11": 0.7580957652920011,
    "class_2": 0.9317440912795436,
    "class_3": 0.9827406945310876,
    "class_4": 0.9802847754654983,
    "class_5": 0.9356500656631983,
    "class_6": 0.9662540992277584,
    "class_7": 0.9278192189556823,
    "class_8": 0.946276322547509,
    "class_9": 0.9879023547202419
  },
  "confusion_matrix": [
    [
      5116,
      1,
      217,
      240,
      1,
      0,
      0,
      0,
      0,
      1,
      0,
      0
    ],
    [
      1,
      2553,
      3,
      2,
      16,
      5,
      0,
      16,
      1,
      14,
      41,
      13
    ],
    [
      311,
      11,
      2662,
      402,
      1,
      2,
      8,
      9,
      2,
      8,
      9,
      1
    ],
    [
      471,
      3,
      622,
      2739,
      0,
      0,
      0,
      0,
      0,
      1,
      2,
      2
    ],
    [
      0,
      3,
      2,
      0,
      4573,
      1,
      0,
      8,
      0,
      268,
      20,
      3
    ],
    [
      0,
      0,
      0,
      0,
      2,
      4726,
      1,
      7,
      2,
      0,
      23,
      0
    ],
    [
      0,
      0,
      0,
      0,
      0,
      3,
      4475,
      41,
      12,
      1,
      13,
      0
    ],
    [
      0,
      9,
      2,
      0,
      7,
      13,
      71,
      4631,
      198,
      10,
      77,
      1
    ],
    [
      1,
      0,
      0,
      0,
      1,
      2,
      9,
      56,
      4567,
      1,
      2,
      0
    ],
    [
      0,
      6,
      3,
      0,
      314,
      3,
      0,
      20,
      3,
      4229,
      3,
      0
    ],
    [
      0,
      25,
      4,
      1,
      3,
      102,
      21,
      90,
      29,
      1,
      4606,
      19
    ],
    [
      0,
      10,
      0,
      2,
      20,
      0,
      0,
      2,
      0,
      1,
      38,
      4573
    ]
  ],
  "version": "v1.8",
  "smoke": false,
  "selected": "best_individual",
  "best_macro_f1": 0.9201126237455406,
  "swa_macro_f1": 0.9197132668419856,
  "best_accuracy": 0.9246965985376892,
  "swa_accuracy": 0.9244722030031602,
  "python_version": "3.10.20 | packaged by Anaconda, Inc. | (main, Mar 11 2026, 17:42:35) [MSC v.1942 64 bit (AMD64)]",
  "torch_version": "2.11.0+cu126",
  "device": "cuda",
  "seeds": [
    20260504,
    20260505,
    20260506
  ],
  "folds": 5,
  "epochs": 90,
  "swa_start_epoch": 54,
  "batch_size": 1024,
  "patience": 14,
  "lr": 0.0008,
  "weight_decay": 0.0002,
  "label_smoothing": 0.03,
  "d_token": 64,
  "n_blocks": 4,
  "n_heads": 8,
  "d_ffn": 192,
  "attention_dropout": 0.1,
  "residual_dropout": 0.05,
  "ffn_dropout": 0.1,
  "head_dropout": 0.15,
  "total_runs": 15,
  "feature_count": 50,
  "train_rows": 53477,
  "test_rows": 19440,
  "label_names": [
    "class_0",
    "class_1",
    "class_10",
    "class_11",
    "class_2",
    "class_3",
    "class_4",
    "class_5",
    "class_6",
    "class_7",
    "class_8",
    "class_9"
  ],
  "label_count": 12
}