{
  "accuracy": 0.9335602221515792,
  "macro_f1": 0.9295393983913085,
  "per_class_f1": {
    "class_0": 0.9024863339798977,
    "class_1": 0.9687380861608845,
    "class_10": 0.7873768384977866,
    "class_11": 0.7875633474866457,
    "class_2": 0.944203410352134,
    "class_3": 0.9840774274118015,
    "class_4": 0.9844264093002851,
    "class_5": 0.9473051492686836,
    "class_6": 0.9752627667480624,
    "class_7": 0.9400532859680284,
    "class_8": 0.944342132187436,
    "class_9": 0.9886375933340548
  },
  "confusion_matrix": [
    [
      5118,
      0,
      223,
      232,
      1,
      0,
      1,
      0,
      0,
      1,
      0,
      0
    ],
    [
      0,
      2541,
      2,
      0,
      20,
      1,
      0,
      12,
      0,
      24,
      51,
      14
    ],
    [
      268,
      13,
      2757,
      349,
      0,
      1,
      11,
      10,
      1,
      6,
      10,
      0
    ],
    [
      379,
      1,
      584,
      2875,
      0,
      1,
      0,
      0,
      0,
      0,
      0,
      0
    ],
    [
      0,
      2,
      0,
      0,
      4679,
      1,
      0,
      5,
      0,
      148,
      37,
      6
    ],
    [
      0,
      0,
      1,
      0,
      2,
      4728,
      0,
      8,
      2,
      0,
      20,
      0
    ],
    [
      0,
      0,
      3,
      0,
      1,
      1,
      4488,
      22,
      17,
      1,
      12,
      0
    ],
    [
      0,
      2,
      2,
      0,
      2,
      13,
      51,
      4728,
      146,
      5,
      70,
      0
    ],
    [
      0,
      0,
      0,
      1,
      2,
      1,
      2,
      36,
      4593,
      2,
      2,
      0
    ],
    [
      0,
      7,
      1,
      0,
      311,
      1,
      0,
      22,
      0,
      4234,
      5,
      0
    ],
    [
      1,
      5,
      4,
      3,
      2,
      100,
      20,
      120,
      21,
      3,
      4615,
      7
    ],
    [
      0,
      10,
      0,
      1,
      13,
      0,
      0,
      0,
      0,
      3,
      51,
      4568
    ]
  ],
  "version": "v1.7",
  "smoke": false,
  "xgb_macro_f1": 0.9291929485726423,
  "xgb_accuracy": 0.9332049292219085,
  "lgbm_macro_f1": 0.9294281986803599,
  "lgbm_accuracy": 0.9335415225237018,
  "seeds": [
    20260504,
    20260505,
    20260506
  ],
  "folds": 5,
  "xgb_params": {
    "lr": 0.03,
    "depth": 6,
    "n_estimators": 3000
  },
  "lgbm_params": {
    "lr": 0.03,
    "depth": 6,
    "n_estimators": 3000
  },
  "train_rows": 53477,
  "test_rows": 19440,
  "feature_count": 50,
  "label_count": 12,
  "label_names": [
    "class_0",
    "class_1",
    "class_10",
    "class_11",
    "class_2",
    "class_3",
    "class_4",
    "class_5",
    "class_6",
    "class_7",
    "class_8",
    "class_9"
  ],
  "elapsed_min": 33.9
}