{
  "model_version": "v2.5",
  "device": "cuda",
  "byte_length": 8192,
  "batch_size": 64,
  "epochs": 30,
  "seeds": [
    42,
    123,
    202
  ],
  "num_pseudo_labels": 17343,
  "fusion_mode": "scalar",
  "tta_windows": 3,
  "seed_weights": {
    "42": 0.33930927180635617,
    "123": 0.3263472161333278,
    "202": 0.33434351206031593
  },
  "scalar_neural_label_weight": 0.5415172682048411,
  "scalar_tree_label_weight": 0.45848273179515886,
  "scalar_neural_cwe_weight": 0.5668413195966668,
  "scalar_tree_cwe_weight": 0.43315868040333316,
  "fusion_threshold": 0.5133333333333336,
  "per_class_cwe_weights": {
    "0": 0.042953075825820794,
    "1": 0.049551023173616614,
    "2": 0.03587767032690777,
    "3": 0.15060663016199377,
    "4": 0.17721942363805865,
    "5": 0.44503392387063884,
    "6": 0.1862316681804722,
    "7": 0.18585941223784383,
    "8": 0.11139449235382616,
    "9": 0.13680745769810965,
    "10": 0.5198316430603828,
    "11": 0.5255704423030915,
    "12": 0.28576795604056426,
    "13": 0.24201294749222177,
    "14": 0.05798529705601087,
    "15": 0.056934020686164516,
    "16": 0.5421396245532595,
    "17": 0.12875895339365181,
    "18": 0.5092871605947455,
    "19": 0.09121590018279332,
    "20": 0.21660416482933037,
    "21": 0.5049982882534367,
    "22": 0.4623083409969264,
    "23": 0.07622823843903793,
    "24": 0.29448259755902195,
    "25": 0.4758187657745926,
    "26": 0.5484414209281527,
    "27": 0.388733389152426,
    "28": 0.5298735233339973,
    "29": 0.30779142360296424,
    "30": 0.10666870440965252,
    "31": 0.061232465668736996,
    "32": 0.463119721735394,
    "33": 0.06855460717070003,
    "34": 0.1877576883066766,
    "35": 0.2919085887098887,
    "36": 0.11756960630301395,
    "37": 0.04713595157059351,
    "38": 0.37618278471980726,
    "39": 0.5021692283866961,
    "40": 0.3892733282583427,
    "41": 0.42687883958382367,
    "42": 0.4391664158984444,
    "43": 0.4848994004142372,
    "44": 0.2846798985236388,
    "45": 0.5225327512124774,
    "46": 0.556978374625175,
    "47": 0.49137351621495834,
    "48": 0.5077685379153868,
    "49": 0.575796887749815,
    "50": 0.50412447060833,
    "51": 0.4889191408779311,
    "52": 0.429425242118687,
    "53": 0.3783079885003513,
    "54": 0.554497747164634,
    "55": 0.23233164487659322,
    "56": 0.5668413195966668,
    "57": 0.5668413195966668,
    "58": 0.09251173728590674,
    "59": 0.5188633927830967,
    "60": 0.5002406236974942,
    "61": 0.5302110475175492,
    "62": 0.5000622688988837,
    "63": 0.024432247390905413,
    "64": 0.47797416952850547,
    "65": 0.13079383043383527,
    "66": 0.3932310944608778,
    "67": 0.46174120943856456,
    "68": 0.23625505730447013,
    "69": 0.4320146313558793,
    "70": 0.5668413195966668,
    "71": 0.44285587594038267,
    "72": 0.5163644235393744,
    "73": 0.10877053847389635,
    "74": 0.3316594213826184,
    "75": 0.45954719583675124,
    "76": 0.46453448303447603,
    "77": 0.10986788567583158,
    "78": 0.06200620697715973,
    "79": 0.09967524940994611,
    "80": 0.02091202322699128,
    "81": 0.41292205156425366,
    "82": 0.35484548367700797,
    "83": 0.08664735541878238,
    "84": 0.5415572061134681,
    "85": 0.4564587150484247
  },
  "seed_results": {
    "42": {
      "scalar_label_f1": 0.9807339449541285,
      "scalar_cwe_macro": 0.935774109849863,
      "scalar_threshold": 0.47500000000000037,
      "scalar_neural_label_weight": 0.525,
      "scalar_tree_label_weight": 0.475,
      "scalar_neural_cwe_weight": 0.5750000000000001,
      "scalar_tree_cwe_weight": 0.42499999999999993,
      "neural_label_f1": 0.9803455526099277,
      "neural_cwe_macro": 0.9226032346467011,
      "per_class_cwe_weights": {
        "0": 0.04471228615863142,
        "1": 0.050616197183098594,
        "2": 0.036906290115532724,
        "3": 0.013103919781221541,
        "4": 0.42820924261874205,
        "5": 0.5375000000000001,
        "6": 0.03241262683201805,
        "7": 0.04310344827586205,
        "8": 0.03549382716049386,
        "9": 0.3396198830409357,
        "10": 0.553409090909091,
        "11": 0.6094202898550726,
        "12": 0.38301282051282054,
        "13": 0.36127254509018036,
        "14": 0.058316430020284,
        "15": 0.057499999999999996,
        "16": 0.5043859649122808,
        "17": 0.07260101010101012,
        "18": 0.4872881355932204,
        "19": 0.09274193548387095,
        "20": 0.09012539184952982,
        "21": 0.47916666666666674,
        "22": 0.4291044776119403,
        "23": 0.07920110192837464,
        "24": 0.4165254237288136,
        "25": 0.42500000000000004,
        "26": 0.546875,
        "27": 0.40492957746478875,
        "28": 0.5227272727272728,
        "29": 0.17530487804878053,
        "30": 0.10808270676691734,
        "31": 0.03900949796472186,
        "32": 0.5535714285714286,
        "33": 0.06894484412470027,
        "34": 0.36766211604095567,
        "35": 0.4662878787878788,
        "36": 0.116869918699187,
        "37": 0.048400673400673375,
        "38": 0.3782894736842106,
        "39": 0.5496268656716419,
        "40": 0.45833333333333337,
        "41": 0.5062500000000001,
        "42": 0.3993055555555556,
        "43": 0.3782894736842106,
        "44": 0.13009049773755657,
        "45": 0.5659836065573771,
        "46": 0.5669642857142858,
        "47": 0.4956896551724138,
        "48": 0.5597457627118645,
        "49": 0.5788135593220339,
        "50": 0.5556451612903226,
        "51": 0.5646825396825398,
        "52": 0.43560606060606066,
        "53": 0.315934065934066,
        "54": 0.5659836065573771,
        "55": 0.22637795275590553,
        "56": 0.5750000000000001,
        "57": 0.5750000000000001,
        "58": 0.09040880503144653,
        "59": 0.5750000000000001,
        "60": 0.5043859649122808,
        "61": 0.5614754098360657,
        "62": 0.5664473684210527,
        "63": 0.02476313522825154,
        "64": 0.4956896551724138,
        "65": 0.13755980861244022,
        "66": 0.4861271676300578,
        "67": 0.6195121951219513,
        "68": 0.233739837398374,
        "69": 0.44921875000000006,
        "70": 0.5750000000000001,
        "71": 0.5407608695652174,
        "72": 0.5043859649122808,
        "73": 0.11230468750000001,
        "74": 0.32670454545454547,
        "75": 0.45634920634920645,
        "76": 0.47131147540983614,
        "77": 0.20000000000000007,
        "78": 0.061563169164882255,
        "79": 0.10159010600706717,
        "80": 0.02110866372980908,
        "81": 0.35493827160493835,
        "82": 0.36392405063291144,
        "83": 0.08712121212121211,
        "84": 0.5424528301886793,
        "85": 0.5218390804597701
      }
    },
    "123": {
      "scalar_label_f1": 0.9801251380198749,
      "scalar_cwe_macro": 0.9000263212772748,
      "scalar_threshold": 0.5450000000000004,
      "scalar_neural_label_weight": 0.55,
      "scalar_tree_label_weight": 0.44999999999999996,
      "scalar_neural_cwe_weight": 0.55,
      "scalar_tree_cwe_weight": 0.44999999999999996,
      "neural_label_f1": 0.9791379468798823,
      "neural_cwe_macro": 0.8860496404506986,
      "per_class_cwe_weights": {
        "0": 0.041167664670658674,
        "1": 0.048161120840630456,
        "2": 0.034375,
        "3": 0.1590049527239982,
        "4": 0.08529921942758026,
        "5": 0.25700934579439255,
        "6": 0.502903600464576,
        "7": 0.48060538116591933,
        "8": 0.2681598062953995,
        "9": 0.031609195402298874,
        "10": 0.5294117647058824,
        "11": 0.5560606060606061,
        "12": 0.45403551251008883,
        "13": 0.3363866396761134,
        "14": 0.05555555555555555,
        "15": 0.05456349206349206,
        "16": 0.5477272727272727,
        "17": 0.24430379746835446,
        "18": 0.5,
        "19": 0.0901639344262295,
        "20": 0.08785942492012778,
        "21": 0.55,
        "22": 0.5373134328358209,
        "23": 0.07472826086956524,
        "24": 0.2217741935483871,
        "25": 0.47500000000000003,