{
  "model_version": "v1.1",
  "device": "cuda",
  "byte_length": 4096,
  "batch_size": 64,
  "epochs": 6,
  "tree_threshold": 0.46999999999999986,
  "fusion_threshold": 0.48999999999999977,
  "tree_label_weight": 0.8,
  "neural_label_weight": 0.2,
  "tree_cwe_weight": 1.0,
  "neural_cwe_weight": 0.0,
  "neural_label_f1": 0.9310517112165876,
  "neural_cwe_macro_f1": 0.7727321496377766,
  "fused_label_f1": 0.9732877579440435,
  "fused_cwe_macro_f1": 0.9069767441860465
}