{
  "model_version": "v1.2",
  "device": "cuda",
  "byte_length": 8192,
  "batch_size": 64,
  "epochs": 10,
  "tree_threshold": 0.5000000000000003,
  "fusion_threshold": 0.5100000000000003,
  "tree_label_weight": 1.0,
  "neural_label_weight": 0.0,
  "tree_cwe_weight": 1.0,
  "neural_cwe_weight": 0.0,
  "neural_label_f1": 0.9527746461230114,
  "neural_cwe_macro_f1": 0.7783559562978773,
  "fused_label_f1": 0.9988594601444684,
  "fused_cwe_macro_f1": 0.9069767441860465,
  "cwe_loss_weight": 1.25,
  "byte_embedding_dim": 24,
  "patience": 3
}