{
  "model_version": "v1.4",
  "device": "cuda",
  "byte_length": 8192,
  "batch_size": 64,
  "epochs": 25,
  "tree_threshold": 0.4950000000000004,
  "fusion_threshold": 0.08,
  "scalar_tree_label_weight": 0.5249999999999999,
  "scalar_neural_label_weight": 0.47500000000000003,
  "scalar_tree_cwe_weight": 0.475,
  "scalar_neural_cwe_weight": 0.525,
  "scalar_label_f1": 0.9740488788107836,
  "scalar_cwe_macro_f1": 0.8738809724530756,
  "fusion_mode": "mlp",
  "fusion_mlp_model": "fusion_mlp_v1.4.pt",
  "neural_label_f1": 0.9706626201315124,
  "neural_cwe_macro_f1": 0.8337867008839275,
  "fused_label_f1": 1.0,
  "fused_cwe_macro_f1": 0.9025148743790354,
  "cwe_loss_weight": 2.0,
  "focal_gamma": 1.5,
  "byte_embedding_dim": 48,
  "patience": 7,
  "gbdt_backend": "lightgbm"
}